structure_name,left_cell_count,right_cell_count,total_cells,left_volume_mm3,right_volume_mm3,total_volume_mm3,left_cells_per_mm3,right_cells_per_mm3
Abducens nucleus,1,32,33,0.011515625,0.011390625,0.02290625,86.8385346,2809.327846
Accessory facial motor nucleus,0,1,1,0.001953125,0.002015625,0.00396875,0,496.124031
"Accessory olfactory bulb, glomerular layer",188,519,707,0.108609375,0.11846875,0.227078125,1730.973961,4380.902137
"Accessory olfactory bulb, granular layer",499,471,970,0.152421875,0.164078125,0.3165,3273.808303,2870.583754
"Accessory olfactory bulb, mitral layer",499,1010,1509,0.19909375,0.21271875,0.4118125,2506.35693,4748.053474
Accessory supraoptic group,6,5,11,0.004015625,0.00359375,0.007609375,1494.163424,1391.304348
Accessory trigeminal nucleus,20,49,69,0.005046875,0.004640625,0.0096875,3962.848297,10558.92256
"Agranular insular area, dorsal part, layer 1",227,193,420,0.154015625,0.1890625,0.343078125,1473.876433,1020.826446
"Agranular insular area, dorsal part, layer 2/3",994,759,1753,0.31803125,0.38721875,0.70525,3125.479021,1960.132354
"Agranular insular area, dorsal part, layer 5",3303,1767,5070,0.55571875,0.6459375,1.20165625,5943.654052,2735.558781
"Agranular insular area, dorsal part, layer 6a",1476,1146,2622,0.341109375,0.37553125,0.716640625,4327.057854,3051.676791
"Agranular insular area, dorsal part, layer 6b",69,43,112,0.022265625,0.025390625,0.04765625,3098.947368,1693.538462
"Agranular insular area, posterior part, layer 1",109,175,284,0.211765625,0.30075,0.512515625,514.7199882,581.8786367
"Agranular insular area, posterior part, layer 2/3",1266,1425,2691,0.402234375,0.535046875,0.93728125,3147.418716,2663.31805
"Agranular insular area, posterior part, layer 5",1766,1898,3664,0.3835625,0.47109375,0.85465625,4604.204008,4028.922056
"Agranular insular area, posterior part, layer 6a",1436,787,2223,0.23225,0.262390625,0.494640625,6182.992465,2999.344965
"Agranular insular area, posterior part, layer 6b",58,14,72,0.011625,0.012765625,0.024390625,4989.247312,1096.695226
"Agranular insular area, ventral part, layer 1",132,219,351,0.087734375,0.104109375,0.19184375,1504.541407,2103.556956
"Agranular insular area, ventral part, layer 2/3",766,940,1706,0.219546875,0.24875,0.468296875,3489.004341,3778.894472
"Agranular insular area, ventral part, layer 5",1717,1869,3586,0.2835,0.31215625,0.59565625,6056.43739,5987.386125
"Agranular insular area, ventral part, layer 6a",579,639,1218,0.07303125,0.077375,0.15040625,7928.112965,8258.481422
"Agranular insular area, ventral part, layer 6b",0,2,2,0.001609375,0.001578125,0.0031875,0,1267.326733
alveus,3504,2839,6343,0.7705625,0.753046875,1.523609375,4547.327439,3770.017637
amygdalar capsule,270,166,436,0.09696875,0.101453125,0.198421875,2784.402191,1636.223625
Anterior amygdalar area,207,239,446,0.284734375,0.27709375,0.561828125,726.99336,862.5239653
"Anterior area, layer 1",573,330,903,0.1245,0.128046875,0.252546875,4602.409639,2577.181208
"Anterior area, layer 2/3",2979,1172,4151,0.223765625,0.2299375,0.453703125,13313.0368,5097.037238
"Anterior area, layer 4",1035,241,1276,0.07771875,0.08025,0.15796875,13317.2497,3003.115265
"Anterior area, layer 5",970,303,1273,0.185609375,0.187953125,0.3735625,5226.029127,1612.104082
"Anterior area, layer 6a",846,334,1180,0.116171875,0.117890625,0.2340625,7282.313383,2833.134526
"Anterior area, layer 6b",138,53,191,0.02121875,0.0218125,0.04303125,6503.681885,2429.799427
"Anterior cingulate area, dorsal part, layer 1",2916,274,3190,0.200640625,0.265015625,0.46565625,14533.44755,1033.901303
"Anterior cingulate area, dorsal part, layer 2/3",2907,3241,6148,0.242140625,0.244921875,0.4870625,12005.4204,13232.79107
"Anterior cingulate area, dorsal part, layer 5",3272,5029,8301,0.48165625,0.52228125,1.0039375,6793.226497,9628.911626
"Anterior cingulate area, dorsal part, layer 6a",1141,2335,3476,0.3075,0.34084375,0.64834375,3710.569106,6850.646374
"Anterior cingulate area, dorsal part, layer 6b",28,144,172,0.011953125,0.012734375,0.0246875,2342.48366,11307.97546
"Anterior cingulate area, ventral part, 6a",705,1086,1791,0.177625,0.193140625,0.370765625,3969.03589,5622.846048
"Anterior cingulate area, ventral part, 6b",144,251,395,0.03084375,0.033625,0.06446875,4668.693009,7464.684015
"Anterior cingulate area, ventral part, layer 1",1416,166,1582,0.197359375,0.263546875,0.46090625,7174.728842,629.8689749
"Anterior cingulate area, ventral part, layer 2/3",1447,2068,3515,0.255265625,0.24875,0.504015625,5668.605007,8313.567839
"Anterior cingulate area, ventral part, layer 5",1989,3336,5325,0.485125,0.522890625,1.008015625,4099.974233,6379.919319
"anterior commissure, olfactory limb",949,1722,2671,0.4606875,0.480421875,0.941109375,2059.964727,3584.349693
"anterior commissure, temporal limb",513,520,1033,0.144375,0.1360625,0.2804375,3553.246753,3821.773082
Anterior hypothalamic nucleus,1034,1202,2236,0.409984375,0.384921875,0.79490625,2522.047334,3122.711589
Anterior olfactory nucleus,16765,25265,42030,2.813,3.09184375,5.90484375,5959.829364,8171.499611
Anterior pretectal nucleus,15463,12441,27904,0.751234375,0.6996875,1.450921875,20583.45639,17780.795
Anterior tegmental nucleus,31,210,241,0.01840625,0.01871875,0.037125,1684.210526,11218.69783
Anterodorsal nucleus,527,276,803,0.100234375,0.099015625,0.19925,5257.677319,2787.438851
Anterodorsal preoptic nucleus,22,24,46,0.072796875,0.06734375,0.140140625,302.2107748,356.3805104
"Anterolateral visual area, layer 1",192,242,434,0.05084375,0.066015625,0.116859375,3776.275353,3665.798817
"Anterolateral visual area, layer 2/3",1568,1632,3200,0.086984375,0.10834375,0.195328125,18026.22597,15063.167
"Anterolateral visual area, layer 4",1244,937,2181,0.046453125,0.05671875,0.103171875,26779.68382,16520.11019
"Anterolateral visual area, layer 5",1520,681,2201,0.092875,0.108609375,0.201484375,16366.08345,6270.176953
"Anterolateral visual area, layer 6a",734,439,1173,0.05225,0.060484375,0.112734375,14047.84689,7258.072849
"Anterolateral visual area, layer 6b",124,91,215,0.010265625,0.011703125,0.02196875,12079.14764,7775.700935
"Anteromedial nucleus, dorsal part",1780,1143,2923,0.173234375,0.161109375,0.33434375,10275.09696,7094.559209
"Anteromedial nucleus, ventral part",1474,1296,2770,0.116203125,0.1078125,0.224015625,12684.68468,12020.86957
"Anteromedial visual area, layer 1",982,492,1474,0.076703125,0.076734375,0.1534375,12802.60746,6411.728772
"Anteromedial visual area, layer 2/3",2000,949,2949,0.113265625,0.118671875,0.2319375,17657.60795,7996.840026
"Anteromedial visual area, layer 4",566,295,861,0.033484375,0.03390625,0.067390625,16903.40644,8700.460829
"Anteromedial visual area, layer 5",975,496,1471,0.1244375,0.126265625,0.250703125,7835.258664,3928.226705
"Anteromedial visual area, layer 6a",816,615,1431,0.076234375,0.07609375,0.152328125,10703.83275,8082.135524
"Anteromedial visual area, layer 6b",109,73,182,0.01396875,0.0143125,0.02828125,7803.131991,5100.436681
Anteroventral nucleus of thalamus,2278,1655,3933,0.2710625,0.25621875,0.52728125,8403.965875,6459.324308
Anteroventral periventricular nucleus,95,168,263,0.103703125,0.1054375,0.209140625,916.0765406,1593.360996
Anteroventral preoptic nucleus,47,34,81,0.056765625,0.0529375,0.109703125,827.9658684,642.2668241
arbor vitae,27836,30866,58702,3.506890625,3.31353125,6.820421875,7937.515873,9315.13774
Arcuate hypothalamic nucleus,26,134,160,0.13575,0.135359375,0.271109375,191.5285451,989.9572896
Area postrema,10,13,23,0.017359375,0.02415625,0.041515625,576.0576058,538.1630013
Area prostriata,1047,567,1614,0.2175,0.22415625,0.44165625,4813.793103,2529.485571
auditory radiation,3917,1000,4917,0.23328125,0.22728125,0.4605625,16790.89082,4399.835006
Barrington's nucleus,5,48,53,0.006796875,0.00625,0.013046875,735.6321839,7680
"Basolateral amygdalar nucleus, anterior part",1590,1074,2664,0.48215625,0.452125,0.93428125,3297.686175,2375.449267
"Basolateral amygdalar nucleus, posterior part",1744,1231,2975,0.419453125,0.391734375,0.8111875,4157.794748,3142.435483
"Basolateral amygdalar nucleus, ventral part",867,625,1492,0.26009375,0.25125,0.51134375,3333.413433,2487.562189
"Basomedial amygdalar nucleus, anterior part",685,1165,1850,0.46359375,0.454421875,0.918015625,1477.586788,2563.697005
"Basomedial amygdalar nucleus, posterior part",1115,1079,2194,0.4165625,0.3770625,0.793625,2676.669167,2861.594563
Bed nuclei of the stria terminalis,2674,2242,4916,0.95934375,0.89278125,1.852125,2787.322063,2511.253457
Bed nucleus of the accessory olfactory tract,20,72,92,0.01296875,0.013015625,0.025984375,1542.168675,5531.812725
Bed nucleus of the anterior commissure,27,6,33,0.00590625,0.0050625,0.01096875,4571.428571,1185.185185
brachium of the inferior colliculus,261,50,311,0.16615625,0.15921875,0.325375,1570.810607,314.033366
brachium of the superior colliculus,193,188,381,0.12278125,0.112421875,0.235203125,1571.901247,1672.272411
Caudoputamen,85134,63054,148188,15.11771875,14.58551563,29.70323438,5631.405201,4323.055943
"Central amygdalar nucleus, capsular part",291,471,762,0.192140625,0.17925,0.371390625,1514.515736,2627.615063
"Central amygdalar nucleus, lateral part",360,125,485,0.160671875,0.1446875,0.305359375,2240.591267,863.9308855
"Central amygdalar nucleus, medial part",830,929,1759,0.45596875,0.421640625,0.877609375,1820.300185,2203.298129
"central canal, spinal cord/medulla",0,0,0,0,0,0,0,0
Central lateral nucleus of the thalamus,515,222,737,0.235171875,0.223859375,0.45903125,2189.887715,991.6940043
Central linear nucleus raphe,38,201,239,0.034578125,0.040703125,0.07528125,1098.960687,4938.195777
Central medial nucleus of the thalamus,96,136,232,0.152453125,0.176453125,0.32890625,629.7017526,770.7429381
cerebal peduncle,2388,1856,4244,0.433953125,0.37059375,0.804546875,5502.898499,5008.179442
cerebellar commissure,36,114,150,0.02903125,0.030578125,0.059609375,1240.043057,3728.15534
Cerebellum,4869,2869,7738,0.388140625,0.3648125,0.752953125,12544.42253,7864.31386
cerebral aqueduct,658,1850,2508,0.193875,0.23721875,0.43109375,3393.939394,7798.708997
choroid plexus,4399,5853,10252,0.693921875,0.712234375,1.40615625,6339.330346,8217.800496
cingulum bundle,2061,3914,5975,0.7033125,0.714515625,1.417828125,2930.418555,5477.836821
Claustrum,1649,976,2625,0.250625,0.27246875,0.52309375,6579.551122,3582.062163
columns of the fornix,834,850,1684,0.17440625,0.16984375,0.34425,4781.938721,5004.599816
commissural branch of stria terminalis,35,20,55,0.0215,0.019890625,0.041390625,1627.906977,1005.498822
Copula pyramidis,21502,25658,47160,1.29409375,1.1834375,2.47753125,16615.48864,21680.90837
"corpus callosum, anterior forceps",1793,1510,3303,0.550046875,0.5829375,1.132984375,3259.722183,2590.329152
"corpus callosum, body",6118,7350,13468,1.4948125,1.54240625,3.03721875,4092.821006,4765.28152
"corpus callosum, extreme capsule",235,47,282,0.05296875,0.06015625,0.113125,4436.578171,781.2987013
"corpus callosum, posterior forceps",4698,1442,6140,0.759953125,0.801484375,1.5614375,6181.960236,1799.161712
"corpus callosum, splenium",2110,522,2632,0.431203125,0.4341875,0.865390625,4893.285502,1202.245574
"Cortical amygdalar area, anterior part",793,2020,2813,0.428609375,0.437265625,0.865875,1850.169516,4619.617652
"Cortical amygdalar area, posterior part, lateral zone",2667,2783,5450,0.64915625,0.638375,1.28753125,4108.409955,4359.50656
"Cortical amygdalar area, posterior part, medial zone",3570,3684,7254,0.6540625,0.59621875,1.25028125,5458.19398,6178.940196
Cortical subplate,754,461,1215,0.210609375,0.21403125,0.424640625,3580.087544,2153.891079
corticospinal tract,61,128,189,0.03378125,0.03015625,0.0639375,1805.73543,4244.559585
crossed tectospinal pathway,785,1361,2146,0.1976875,0.194296875,0.391984375,3970.91369,7004.744672
Crus 1,49496,24801,74297,3.228390625,3.47984375,6.708234375,15331.47805,7127.044138
Crus 2,29951,37026,66977,2.7543125,3.00734375,5.76165625,10874.21997,12311.86159
cuneate fascicle,190,203,393,0.009359375,0.0101875,0.019546875,20300.50083,19926.38037
Cuneate nucleus,2003,3040,5043,0.135890625,0.137984375,0.273875,14739.79533,22031.48001
Cuneiform nucleus,1787,4229,6016,0.306625,0.285765625,0.592390625,5827.965756,14798.84083
Declive (VI),33951,28932,62883,1.866703125,1.837484375,3.7041875,18187.68049,15745.44001
"Dentate gyrus, granule cell layer",1296,1346,2642,0.951640625,0.890671875,1.8423125,1361.858632,1511.218708
"Dentate gyrus, molecular layer",2661,2848,5509,2.525671875,2.358921875,4.88459375,1053.58104,1207.331209
"Dentate gyrus, polymorph layer",910,741,1651,0.4024375,0.36934375,0.77178125,2261.220686,2006.261105
Dentate nucleus,307,167,474,0.153671875,0.139984375,0.29365625,1997.763091,1192.990289
Diagonal band nucleus,306,438,744,0.439640625,0.4508125,0.890453125,696.0230302,971.5790933
direct tectospinal pathway,0,0,0,0,0,0,0,0
doral tegmental decussation,2,36,38,0.00290625,0.00353125,0.0064375,688.172043,10194.69027
dorsal acoustic stria,78,146,224,0.005390625,0.00459375,0.009984375,14469.56522,31782.31293
"Dorsal auditory area, layer 1",440,391,831,0.08828125,0.121,0.20928125,4984.070796,3231.404959
"Dorsal auditory area, layer 2/3",1444,1389,2833,0.145921875,0.190046875,0.33596875,9895.706178,7308.723177
"Dorsal auditory area, layer 4",327,285,612,0.060140625,0.0739375,0.134078125,5437.25643,3854.606932
"Dorsal auditory area, layer 5",958,877,1835,0.157609375,0.186828125,0.3444375,6078.318628,4694.154052
"Dorsal auditory area, layer 6a",507,536,1043,0.08715625,0.097703125,0.184859375,5817.138759,5486.006717
"Dorsal auditory area, layer 6b",101,119,220,0.014734375,0.0159375,0.030671875,6854.718982,7466.666667
Dorsal cochlear nucleus,3000,1699,4699,0.246078125,0.22953125,0.475609375,12191.25024,7402.042206
dorsal fornix,9,25,34,0.0203125,0.023296875,0.043609375,443.0769231,1073.105298
dorsal hippocampal commissure,1985,1235,3220,0.579015625,0.605265625,1.18428125,3428.232183,2040.426466
dorsal limb,455,374,829,0.1045,0.1138125,0.2183125,4354.066986,3286.106535
Dorsal motor nucleus of the vagus nerve,31,56,87,0.064453125,0.06625,0.130703125,480.969697,845.2830189
Dorsal nucleus raphe,68,370,438,0.057171875,0.087109375,0.14428125,1189.39601,4247.533632
"Dorsal part of the lateral geniculate complex, core",1367,1137,2504,0.24634375,0.221171875,0.467515625,5549.156413,5140.798304
"Dorsal part of the lateral geniculate complex, ipsilateral zone",197,235,432,0.05675,0.051296875,0.108046875,3471.365639,4581.175754
"Dorsal part of the lateral geniculate complex, shell",519,802,1321,0.12465625,0.110703125,0.235359375,4163.449486,7244.60127
Dorsal peduncular area,2259,1892,4151,0.507015625,0.57428125,1.081296875,4455.48399,3294.552974
Dorsal premammillary nucleus,142,348,490,0.06153125,0.058515625,0.120046875,2307.770442,5947.129506
dorsal spinocerebellar tract,14,16,30,0.056203125,0.056078125,0.11228125,249.0964693,285.3162441
Dorsal tegmental nucleus,138,786,924,0.04678125,0.044265625,0.091046875,2949.8998,17756.44193
Dorsal terminal nucleus of the accessory optic tract,2,8,10,0.00696875,0.006203125,0.013171875,286.9955157,1289.672544
Dorsomedial nucleus of the hypothalamus,262,387,649,0.2015625,0.18584375,0.38740625,1299.844961,2082.394485
Ectorhinal area/Layer 1,357,93,450,0.13909375,0.223625,0.36271875,2566.614244,415.8747904
Ectorhinal area/Layer 2/3,1391,1179,2570,0.26484375,0.372328125,0.637171875,5252.153392,3166.561752
Ectorhinal area/Layer 5,2313,2439,4752,0.29434375,0.377125,0.67146875,7858.15904,6467.351674
Ectorhinal area/Layer 6a,2317,1210,3527,0.219546875,0.2565625,0.476109375,10553.55491,4716.199756
Ectorhinal area/Layer 6b,242,286,528,0.033515625,0.035640625,0.06915625,7220.512821,8024.550636
Edinger-Westphal nucleus,10,11,21,0.009953125,0.01553125,0.025484375,1004.709576,708.249497
"Endopiriform nucleus, dorsal part",3776,3141,6917,0.937390625,0.980234375,1.917625,4028.20329,3204.335698
"Endopiriform nucleus, ventral part",1700,1353,3053,0.57796875,0.587625,1.16559375,2941.335496,2302.488832
"Entorhinal area, lateral part, layer 1",1740,937,2677,0.511109375,0.842078125,1.3531875,3404.35939,1112.723359
"Entorhinal area, lateral part, layer 2",5899,4823,10722,0.826125,1.223578125,2.049703125,7140.565895,3941.718066
"Entorhinal area, lateral part, layer 3",4263,3270,7533,0.678359375,0.901765625,1.580125,6284.279627,3626.219396
"Entorhinal area, lateral part, layer 5",5332,5224,10556,0.74240625,0.888984375,1.631390625,7182.051606,5876.368749
"Entorhinal area, lateral part, layer 6a",3973,4430,8403,0.54515625,0.61396875,1.159125,7287.818859,7215.350944
"Entorhinal area, medial part, dorsal zone, layer 1",2468,2335,4803,0.598609375,0.688390625,1.287,4122.888987,3391.969494
"Entorhinal area, medial part, dorsal zone, layer 2",4778,4550,9328,0.61246875,0.701484375,1.313953125,7801.214348,6486.245684
"Entorhinal area, medial part, dorsal zone, layer 3",2990,2334,5324,0.48415625,0.5384375,1.02259375,6175.692248,4334.764945
"Entorhinal area, medial part, dorsal zone, layer 5",2622,1551,4173,0.454421875,0.489890625,0.9443125,5769.96871,3166.012822
"Entorhinal area, medial part, dorsal zone, layer 6",1492,1149,2641,0.319046875,0.336703125,0.65575,4676.428816,3412.50174
Ethmoid nucleus of the thalamus,1250,792,2042,0.14390625,0.131546875,0.275453125,8686.210641,6020.667538
external capsule,3476,2071,5547,0.47028125,0.510890625,0.981171875,7391.321683,4053.705233
External cuneate nucleus,2798,3936,6734,0.08621875,0.0869375,0.17315625,32452.3378,45273.90367
external medullary lamina of the thalamus,285,174,459,0.07028125,0.0610625,0.13134375,4055.135616,2849.539406
Facial motor nucleus,37,130,167,0.313171875,0.30465625,0.617828125,118.1459861,426.7104318
facial nerve,13,57,70,0.028484375,0.02790625,0.056390625,456.390565,2042.553191
fasciculus retroflexus,778,537,1315,0.09634375,0.092484375,0.188828125,8075.251379,5806.386214
Fasciola cinerea,11,31,42,0.04253125,0.0414375,0.08396875,258.6333578,748.1146305
Fastigial nucleus,758,548,1306,0.231828125,0.222421875,0.45425,3269.663679,2463.786442
fiber tracts,3180,3672,6852,0.87646875,0.797609375,1.674078125,3628.195529,4603.757322
Field CA1,16494,8769,25263,5.701171875,5.630421875,11.33159375,2893.089414,1557.432142
Field CA2,511,319,830,0.262671875,0.24996875,0.512640625,1945.392898,1276.15952
Field CA3,5911,6360,12271,3.559515625,3.18778125,6.747296875,1660.619203,1995.118078
Fields of Forel,1528,1395,2923,0.12934375,0.1136875,0.24303125,11813.48152,12270.47828
fimbria,1444,1629,3073,0.863796875,0.80478125,1.668578125,1671.689308,2024.152526
Flocculus,4428,3062,7490,0.495421875,0.49465625,0.990078125,8937.837071,6190.157306
Folium-tuber vermis (VII),10370,11851,22221,0.5485,0.5380625,1.0865625,18906.10757,22025.32234
fourth ventricle,571,1019,1590,0.192859375,0.213078125,0.4059375,2960.706473,4782.283493
"Frontal pole, layer 1",485,766,1251,0.102796875,0.120453125,0.22325,4718.042256,6359.320275
"Frontal pole, layer 2/3",307,491,798,0.0976875,0.1124375,0.210125,3142.674344,4366.870484
"Frontal pole, layer 5",451,683,1134,0.16165625,0.186515625,0.348171875,2789.870481,3661.891598
"Frontal pole, layer 6a",117,137,254,0.054640625,0.06,0.114640625,2141.263941,2283.333333
"Frontal pole, layer 6b",0,0,0,0.00053125,0.00053125,0.0010625,0,0
Fundus of striatum,431,500,931,0.25496875,0.243796875,0.498765625,1690.403236,2050.88765
genu of corpus callosum,550,736,1286,0.4353125,0.473734375,0.909046875,1263.460158,1553.613246
genu of the facial nerve,10,21,31,0.011125,0.010984375,0.022109375,898.8764045,1911.806543
Gigantocellular reticular nucleus,167,470,637,0.891734375,0.92040625,1.812140625,187.2754989,510.644077
"Globus pallidus, external segment",8048,5908,13956,1.004203125,0.888,1.892203125,8014.314833,6653.153153
"Globus pallidus, internal segment",2428,3046,5474,0.255625,0.232125,0.48775,9498.288509,13122.24017
Gracile nucleus,37,139,176,0.033234375,0.03396875,0.067203125,1113.305125,4091.99632
"Gustatory areas, layer 1",107,96,203,0.079140625,0.10403125,0.183171875,1352.023692,922.7996395
"Gustatory areas, layer 2/3",398,398,796,0.1586875,0.207359375,0.366046875,2508.074045,1919.373069
"Gustatory areas, layer 4",141,86,227,0.05909375,0.075640625,0.134734375,2386.039133,1136.955175
"Gustatory areas, layer 5",930,744,1674,0.22365625,0.271265625,0.494921875,4158.16683,2742.699153
"Gustatory areas, layer 6a",763,614,1377,0.189890625,0.217734375,0.407625,4018.102526,2819.949767
"Gustatory areas, layer 6b",71,51,122,0.017484375,0.020015625,0.0375,4060.768543,2548.009368
habenular commissure,62,38,100,0.029421875,0.030546875,0.05996875,2107.275624,1243.98977
Hippocampal formation,885,958,1843,0.23325,0.24353125,0.47678125,3794.212219,3933.786732
Hippocampo-amygdalar transition area,603,306,909,0.195515625,0.171515625,0.36703125,3084.152481,1784.094015
Hypoglossal nucleus,21,52,73,0.100859375,0.105265625,0.206125,208.2106894,493.9884221
Hypothalamus,3471,4422,7893,1.5869375,1.500984375,3.087921875,2187.231696,2946.066644
Induseum griseum,198,80,278,0.05940625,0.0775,0.13690625,3332.982641,1032.258065
inferior cerebellar peduncle,4828,2850,7678,0.28340625,0.2689375,0.55234375,17035.61583,10597.25773
inferior colliculus commissure,49,190,239,0.012015625,0.01234375,0.024359375,4078.023407,15392.40506
"Inferior colliculus, central nucleus",6730,6438,13168,0.807703125,0.756171875,1.563875,8332.269359,8513.93739
"Inferior colliculus, dorsal nucleus",6167,6404,12571,1.004703125,0.938171875,1.942875,6138.1316,6826.041337
"Inferior colliculus, external nucleus",10984,10717,21701,1.4715,1.42325,2.89475,7464.492015,7529.94906
Inferior olivary complex,20,56,76,0.169625,0.172421875,0.342046875,117.9071481,324.7847757
Inferior salivatory nucleus,1,42,43,0.0025625,0.0025625,0.005125,390.2439024,16390.2439
Infracerebellar nucleus,581,100,681,0.0236875,0.0229375,0.046625,24527.70449,4359.673025
"Infralimbic area, layer 1",315,53,368,0.09984375,0.135953125,0.235796875,3154.929577,389.8402482
"Infralimbic area, layer 2/3",626,312,938,0.11165625,0.119125,0.23078125,5606.493143,2619.097587
"Infralimbic area, layer 5",979,1528,2507,0.250546875,0.290171875,0.54071875,3907.452448,5265.844596
"Infralimbic area, layer 6a",883,741,1624,0.161703125,0.192890625,0.35459375,5460.624215,3841.555286
"Infralimbic area, layer 6b",33,46,79,0.007453125,0.008875,0.016328125,4427.672956,5183.098592
Interanterodorsal nucleus of the thalamus,432,344,776,0.077078125,0.075171875,0.15225,5604.70302,4576.179588
Interanteromedial nucleus of the thalamus,90,143,233,0.027390625,0.029796875,0.0571875,3285.795779,4799.160986
Intercalated amygdalar nucleus,182,218,400,0.1116875,0.108078125,0.219765625,1629.546726,2017.059419
Interfascicular nucleus raphe,51,123,174,0.034390625,0.041328125,0.07571875,1482.96229,2976.181474
Intergeniculate leaflet of the lateral geniculate complex,751,637,1388,0.0430625,0.036015625,0.079078125,17439.76778,17686.7679
Intermediate geniculate nucleus,406,258,664,0.01396875,0.01109375,0.0250625,29064.87696,23256.33803
Intermediate reticular nucleus,87,458,545,0.963515625,0.966125,1.929640625,90.29433228,474.0587398
Intermediodorsal nucleus of the thalamus,46,76,122,0.095984375,0.126734375,0.22271875,479.2446687,599.6794477
internal capsule,9154,5873,15027,1.258578125,1.11071875,2.369296875,7273.287067,5287.567172
Interpeduncular nucleus,5,11,16,0.003921875,0.005296875,0.00921875,1274.900398,2076.696165
"Interpeduncular nucleus, apical",15,34,49,0.009609375,0.012890625,0.0225,1560.97561,2637.575758
"Interpeduncular nucleus, caudal",28,21,49,0.02409375,0.031375,0.05546875,1162.127108,669.3227092
"Interpeduncular nucleus, dorsolateral",18,119,137,0.0176875,0.015859375,0.033546875,1017.667845,7503.448276
"Interpeduncular nucleus, dorsomedial",7,58,65,0.0081875,0.00840625,0.01659375,854.9618321,6899.628253
"Interpeduncular nucleus, intermediate",2,19,21,0.01340625,0.01359375,0.027,149.1841492,1397.701149
"Interpeduncular nucleus, lateral",34,139,173,0.026796875,0.025515625,0.0523125,1268.804665,5447.642376
"Interpeduncular nucleus, rostral",98,163,261,0.02975,0.03690625,0.06665625,3294.117647,4416.596105
"Interpeduncular nucleus, rostrolateral",22,74,96,0.00871875,0.00865625,0.017375,2523.297491,8548.736462
Interposed nucleus,10209,1656,11865,0.4099375,0.376171875,0.786109375,24903.79631,4402.242991
Interstitial nucleus of Cajal,309,560,869,0.041125,0.038828125,0.079953125,7513.677812,14422.53521
Intertrigeminal nucleus,143,290,433,0.01615625,0.01503125,0.0311875,8851.06383,19293.13929
Koelliker-Fuse subnucleus,429,421,850,0.07003125,0.066609375,0.136640625,6125.83668,6320.431621
Lateral amygdalar nucleus,1035,384,1419,0.506359375,0.477796875,0.98415625,2044.002839,803.688806
Lateral dorsal nucleus of thalamus,1055,738,1793,0.618578125,0.581421875,1.2,1705.524262,1269.302088
Lateral habenula,1909,1037,2946,0.22325,0.217296875,0.440546875,8550.951848,4772.272956
Lateral hypothalamic area,2069,3242,5311,1.18084375,1.062734375,2.243578125,1752.136978,3050.621187
lateral lemniscus,3561,4167,7728,0.392125,0.35728125,0.74940625,9081.287855,11663.08056
Lateral mammillary nucleus,180,202,382,0.035109375,0.033109375,0.06821875,5126.835781,6100.991034
"lateral olfactory tract, body",1375,978,2353,0.35584375,0.395,0.75084375,3864.055502,2475.949367
Lateral posterior nucleus of the thalamus,3310,2251,5561,0.74146875,0.68953125,1.431,4464.112614,3264.536596
Lateral preoptic area,83,179,262,0.345765625,0.315421875,0.6611875,240.0469972,567.4939317
lateral recess,3099,3361,6460,0.19534375,0.184140625,0.379484375,15864.34171,18252.35469
"Lateral reticular nucleus, magnocellular part",15,48,63,0.17934375,0.1843125,0.36365625,83.63826451,260.4272635
"Lateral reticular nucleus, parvicellular part",24,7,31,0.02121875,0.020375,0.04159375,1131.07511,343.5582822
"Lateral septal nucleus, caudal (caudodorsal) part",573,622,1195,0.316171875,0.326859375,0.64303125,1812.305411,1902.959032
"Lateral septal nucleus, rostral (rostroventral) part",4551,4970,9521,1.46334375,1.505921875,2.969265625,3110.000641,3300.304008
"Lateral septal nucleus, ventral part",1695,1528,3223,0.50171875,0.497625,0.99934375,3378.386795,3070.58528
Lateral terminal nucleus of the accessory optic tract,87,56,143,0.010453125,0.008671875,0.019125,8322.869955,6457.657658
lateral ventricle,5028,3238,8266,1.181625,1.17965625,2.36128125,4255.157093,2744.867414
Lateral vestibular nucleus,3121,2893,6014,0.11146875,0.107828125,0.219296875,27998.87861,26829.73482
"Lateral visual area, layer 1",662,465,1127,0.083828125,0.1125,0.196328125,7897.110904,4133.333333
"Lateral visual area, layer 2/3",2058,2353,4411,0.13784375,0.18234375,0.3201875,14929.94786,12904.1988
"Lateral visual area, layer 4",1378,1120,2498,0.081921875,0.104796875,0.18671875,16820.90406,10687.34158
"Lateral visual area, layer 5",1863,1266,3129,0.149609375,0.18121875,0.330828125,12452.4282,6986.032074
"Lateral visual area, layer 6a",1186,785,1971,0.10109375,0.1195625,0.22065625,11731.6847,6565.603764
"Lateral visual area, layer 6b",224,50,274,0.019453125,0.0216875,0.041140625,11514.85944,2305.475504
Laterodorsal tegmental nucleus,212,1355,1567,0.09465625,0.091359375,0.186015625,2239.683064,14831.53754
"Laterointermediate area, layer 1",196,66,262,0.03325,0.045890625,0.079140625,5894.736842,1438.202247
"Laterointermediate area, layer 2/3",554,592,1146,0.0533125,0.0709375,0.12425,10391.5592,8345.374449
"Laterointermediate area, layer 4",262,293,555,0.026,0.03434375,0.06034375,10076.92308,8531.392175
"Laterointermediate area, layer 5",713,523,1236,0.07009375,0.086515625,0.156609375,10172.09095,6045.150804
"Laterointermediate area, layer 6a",422,259,681,0.0384375,0.04628125,0.08471875,10978.86179,5596.218771
"Laterointermediate area, layer 6b",125,20,145,0.008,0.0091875,0.0171875,15625,2176.870748
Linear nucleus of the medulla,3,7,10,0.0206875,0.02175,0.0424375,145.0151057,321.8390805
Lingula (I),62,254,316,0.04675,0.054671875,0.101421875,1326.203209,4645.898828
Lobule II,6833,11178,18011,0.6371875,0.64803125,1.28521875,10723.68808,17249.16815
Lobule III,19662,31306,50968,1.531609375,1.512609375,3.04421875,12837.47692,20696.68516
Lobules IV-V,54293,59187,113480,4.08184375,3.961171875,8.043015625,13301.09708,14941.79043
Locus ceruleus,8,29,37,0.0060625,0.006109375,0.012171875,1319.587629,4746.803069
Magnocellular nucleus,87,128,215,0.208140625,0.19534375,0.403484375,417.9866376,655.2551592
Magnocellular reticular nucleus,6,50,56,0.1836875,0.180359375,0.364046875,32.66417149,277.2242918
Main olfactory bulb,72675,86324,158999,10.6241875,11.9914375,22.615625,6840.523099,7198.803313
mammillary peduncle,120,195,315,0.013453125,0.013140625,0.02659375,8919.860627,14839.47681
mammillotegmental tract,29,407,436,0.031265625,0.03103125,0.062296875,927.5362319,13115.81067
mammillothalamic tract,100,138,238,0.07728125,0.072203125,0.149484375,1293.974929,1911.274616
Medial accesory oculomotor nucleus,5,19,24,0.007859375,0.008140625,0.016,636.1829026,2333.973129
Medial amygdalar nucleus,253,565,818,0.14759375,0.14065625,0.28825,1714.164726,4016.885137
"Medial amygdalar nucleus, anterodorsal part",194,556,750,0.132109375,0.123140625,0.25525,1468.480189,4515.16305
"Medial amygdalar nucleus, anteroventral part",12,164,176,0.011890625,0.014125,0.026015625,1009.198423,11610.61947
"Medial amygdalar nucleus, posterodorsal part",677,657,1334,0.455875,0.411453125,0.867328125,1485.056211,1596.779706
"Medial amygdalar nucleus, posteroventral part",894,1113,2007,0.37265625,0.3543125,0.72696875,2398.993711,3141.294761
medial corticohypothalamic tract,29,35,64,0.00596875,0.00590625,0.011875,4858.638743,5925.925926
medial forebrain bundle,98,120,218,0.02434375,0.022140625,0.046484375,4025.673941,5419.9012
"Medial geniculate complex, dorsal part",361,524,885,0.1075625,0.093109375,0.200671875,3356.188263,5627.789898
"Medial geniculate complex, medial part",2320,1796,4116,0.1458125,0.126890625,0.272703125,15910.84441,14153.92193
"Medial geniculate complex, ventral part",1765,1157,2922,0.167890625,0.142109375,0.31,10512.79665,8141.616273
Medial habenula,1057,1160,2217,0.203640625,0.20303125,0.406671875,5190.516381,5713.406187
medial lemniscus,2806,3831,6637,0.2945,0.274078125,0.568578125,9528.013582,13977.76638
medial longitudinal fascicle,72,710,782,0.060015625,0.059625,0.119640625,1199.687581,11907.75681
"Medial mammillary nucleus, dorsal part",81,187,268,0.032078125,0.03375,0.065828125,2525.085241,5540.740741
"Medial mammillary nucleus, lateral part",480,537,1017,0.09584375,0.0889375,0.18478125,5008.151288,6037.947997
"Medial mammillary nucleus, medial part",157,303,460,0.060328125,0.057578125,0.11790625,2602.434602,5262.415197
"Medial mammillary nucleus, median part",123,152,275,0.031,0.036875,0.067875,3967.741935,4122.033898
"Medial mammillary nucleus, posterior part",5,14,19,0.0131875,0.016390625,0.029578125,379.1469194,854.1468065
Medial preoptic area,221,359,580,0.35159375,0.331578125,0.683171875,628.5663497,1082.701098
Medial preoptic nucleus,228,369,597,0.247859375,0.23296875,0.480828125,919.876442,1583.903421
Medial pretectal area,244,265,509,0.028625,0.029015625,0.057640625,8524.017467,9133.010232
Medial septal nucleus,377,970,1347,0.292375,0.381734375,0.674109375,1289.439932,2541.033932
Medial terminal nucleus of the accessory optic tract,382,322,704,0.02034375,0.01853125,0.038875,18777.26575,17376.05396
Medial vestibular nucleus,935,1170,2105,0.70015625,0.703234375,1.403390625,1335.416202,1663.741196
Median eminence,0,3,3,0.032765625,0.03828125,0.071046875,0,78.36734694
Median preoptic nucleus,8,13,21,0.019234375,0.035578125,0.0548125,415.9220146,365.393061
Mediodorsal nucleus of thalamus,2834,2149,4983,0.910046875,0.878734375,1.78878125,3114.125303,2445.562688
Medulla,10477,12407,22884,1.9294375,1.9675625,3.897,5430.08001,6305.771735
"Medullary reticular nucleus, dorsal part",4887,6879,11766,0.4078125,0.422375,0.8301875,11983.44828,16286.47529
"Medullary reticular nucleus, ventral part",9,100,109,0.335125,0.343140625,0.678265625,26.85565088,291.4257092
Midbrain,28287,29633,57920,3.757640625,3.568390625,7.32603125,7527.861981,8304.303848
Midbrain reticular nucleus,39972,29633,69605,2.73615625,2.501203125,5.237359375,14608.81483,11847.49839
"Midbrain reticular nucleus, retrorubral area",854,897,1751,0.06746875,0.061140625,0.128609375,12657.7119,14671.09635
Midbrain trigeminal nucleus,9,58,67,0.00434375,0.00415625,0.0085,2071.942446,13954.88722
middle cerebellar peduncle,1788,694,2482,0.45371875,0.410703125,0.864421875,3940.76727,1689.785049
Motor nucleus of trigeminal,498,570,1068,0.13428125,0.1253125,0.25959375,3708.633931,4548.628429
motor root of the trigeminal nerve,21,18,39,0.0245,0.021765625,0.046265625,857.1428571,826.9921034
nigrostriatal tract,86,111,197,0.064328125,0.057140625,0.12146875,1336.895798,1942.575882
Nodulus (X),8689,13625,22314,0.626765625,0.64384375,1.270609375,13863.23636,21161.9667
Nucleus accumbens,11070,11382,22452,2.72284375,2.69675,5.41959375,4065.602369,4220.635951
"Nucleus ambiguus, dorsal division",0,0,0,0.0070625,0.006984375,0.014046875,0,0
"Nucleus ambiguus, ventral division",2,6,8,0.00746875,0.008,0.01546875,267.7824268,750
Nucleus incertus,109,226,335,0.04009375,0.045484375,0.085578125,2718.628215,4968.739265
Nucleus of Darkschewitsch,30,262,292,0.0475,0.04675,0.09425,631.5789474,5604.278075
Nucleus of reuniens,663,1150,1813,0.27584375,0.28034375,0.5561875,2403.53461,4102.106789
Nucleus of Roller,0,1,1,0.0100625,0.011328125,0.021390625,0,88.27586207
Nucleus of the brachium of the inferior colliculus,263,213,476,0.05465625,0.0471875,0.10184375,4811.89251,4513.907285
Nucleus of the lateral lemniscus,1950,1242,3192,0.319359375,0.288875,0.608234375,6105.973873,4299.437473
"Nucleus of the lateral olfactory tract, layer 3",22,36,58,0.033828125,0.03265625,0.066484375,650.3464203,1102.392344
"Nucleus of the lateral olfactory tract, molecular layer",122,258,380,0.059765625,0.05975,0.119515625,2041.30719,4317.991632
"Nucleus of the lateral olfactory tract, pyramidal layer",173,251,424,0.083375,0.08465625,0.16803125,2074.962519,2964.931709
Nucleus of the optic tract,579,486,1065,0.129234375,0.12475,0.253984375,4480.232136,3895.791583
Nucleus of the posterior commissure,1117,1904,3021,0.17240625,0.170828125,0.343234375,6478.883451,11145.70566
Nucleus of the solitary tract,1398,1996,3394,0.31428125,0.328359375,0.642640625,4448.245003,6078.705686
Nucleus of the trapezoid body,8,50,58,0.05625,0.056359375,0.112609375,142.2222222,887.1638481
Nucleus prepositus,74,267,341,0.087828125,0.093734375,0.1815625,842.5547056,2848.474746
Nucleus raphe magnus,17,50,67,0.0265,0.059078125,0.085578125,641.509434,846.3369479
Nucleus raphe obscurus,9,20,29,0.0034375,0.0218125,0.02525,2618.181818,916.9054441
Nucleus raphe pallidus,31,120,151,0.014453125,0.029171875,0.043625,2144.864865,4113.551152
Nucleus raphe pontis,75,513,588,0.036546875,0.042390625,0.0789375,2052.159042,12101.7324
Nucleus sagulum,524,315,839,0.0539375,0.04890625,0.10284375,9714.947856,6440.894569
Nucleus x,878,857,1735,0.0221875,0.02103125,0.04321875,39571.83099,40748.88559
Nucleus y,494,73,567,0.0096875,0.009046875,0.018734375,50993.54839,8069.084629
oculomotor nerve,52,28,80,0.003640625,0.00328125,0.006921875,14283.2618,8533.333333
Oculomotor nucleus,27,196,223,0.01571875,0.015765625,0.031484375,1717.693837,12432.111
Olfactory areas,18144,20547,38691,3.198296875,3.5700625,6.768359375,5673.019332,5755.361426
olfactory nerve layer of main olfactory bulb,12108,17887,29995,2.2456875,2.4371875,4.682875,5391.667362,7339.197333
Olfactory tubercle,5310,7279,12589,1.779953125,1.784359375,3.5643125,2983.224628,4079.335196
Olivary pretectal nucleus,240,273,513,0.036875,0.035546875,0.072421875,6508.474576,7680
optic chiasm,94,329,423,0.154609375,0.1596875,0.314296875,607.9838302,2060.273973
optic nerve,7,20,27,0.036671875,0.035171875,0.07184375,190.881977,568.6361617
optic radiation,9265,3087,12352,0.98340625,0.98840625,1.9718125,9421.335282,3123.209713
optic tract,1494,2126,3620,0.385828125,0.349640625,0.73546875,3872.190499,6080.529115
"Orbital area, lateral part, layer 1",775,803,1578,0.206671875,0.22390625,0.430578125,3749.905496,3586.322401
"Orbital area, lateral part, layer 2/3",1118,1148,2266,0.365796875,0.383734375,0.74953125,3056.341036,2991.652755
"Orbital area, lateral part, layer 5",1628,1643,3271,0.70571875,0.736234375,1.441953125,2306.867998,2231.626308
"Orbital area, lateral part, layer 6a",409,494,903,0.293125,0.30134375,0.59446875,1395.309168,1639.323862
"Orbital area, lateral part, layer 6b",84,47,131,0.0331875,0.032875,0.0660625,2531.073446,1429.657795
"Orbital area, medial part, layer 1",2090,982,3072,0.2948125,0.366375,0.6611875,7089.251643,2680.313886
"Orbital area, medial part, layer 2/3",1737,1511,3248,0.243015625,0.26971875,0.512734375,7147.688549,5602.13185
"Orbital area, medial part, layer 5",1729,2534,4263,0.33496875,0.401296875,0.736265625,5161.675529,6314.527119
"Orbital area, medial part, layer 6a",743,559,1302,0.13575,0.1641875,0.2999375,5473.296501,3404.644081
"Orbital area, medial part, layer 6b",14,17,31,0.002609375,0.0031875,0.005796875,5365.269461,5333.333333
"Orbital area, ventrolateral part, layer 1",1473,2263,3736,0.34959375,0.41321875,0.7628125,4213.462054,5476.518188
"Orbital area, ventrolateral part, layer 2/3",1882,2308,4190,0.458640625,0.53953125,0.998171875,4103.430654,4277.787431
"Orbital area, ventrolateral part, layer 5",1612,1994,3606,0.46584375,0.55728125,1.023125,3460.387737,3578.085572
"Orbital area, ventrolateral part, layer 6a",497,514,1011,0.162625,0.185328125,0.347953125,3056.110684,2773.459236
"Orbital area, ventrolateral part, layer 6b",25,27,52,0.00775,0.00853125,0.01628125,3225.806452,3164.835165
Pallidum,2750,3219,5969,0.697203125,0.633359375,1.3305625,3944.331145,5082.422598
Parabigeminal nucleus,72,30,102,0.024703125,0.02165625,0.046359375,2914.611006,1385.281385
Parabrachial nucleus,2721,5806,8527,0.42678125,0.405328125,0.832109375,6375.631544,14324.19722
Paracentral nucleus,195,158,353,0.158265625,0.145765625,0.30403125,1232.105835,1083.931825
Parafascicular nucleus,648,603,1251,0.29396875,0.274640625,0.568609375,2204.315935,2195.596518
Paraflocculus,10374,6664,17038,2.347265625,2.569015625,4.91628125,4419.610584,2593.989673
"Paragigantocellular reticular nucleus, dorsal part",8,83,91,0.086578125,0.0870625,0.173640625,92.40209348,953.3381192
"Paragigantocellular reticular nucleus, lateral part",83,112,195,0.24159375,0.23815625,0.47975,343.5519338,470.2794909
Paramedian lobule,21313,23915,45228,2.6875625,2.523078125,5.210640625,7930.234181,9478.501582
Paranigral nucleus,42,77,119,0.009234375,0.009328125,0.0185625,4548.22335,8254.606365
Parapyramidal nucleus,8,24,32,0.033171875,0.03378125,0.066953125,241.1681583,710.453284
Parasolitary nucleus,181,269,450,0.01084375,0.010875,0.02171875,16691.64265,24735.63218
Parastrial nucleus,28,57,85,0.065890625,0.062859375,0.12875,424.9466445,906.7859806
Parasubiculum,1079,741,1820,0.525375,0.521171875,1.046546875,2053.771116,1421.795833
Parasubthalamic nucleus,81,205,286,0.08690625,0.076328125,0.163234375,932.038835,2685.772774
Parataenial nucleus,1532,1412,2944,0.164421875,0.160015625,0.3244375,9317.495011,8824.138268
Paratrigeminal nucleus,1252,1620,2872,0.046265625,0.044234375,0.0905,27061.128,36623.10138
Paratrochlear nucleus,113,90,203,0.007984375,0.007359375,0.01534375,14152.64188,12229.29936
Paraventricular hypothalamic nucleus,170,170,340,0.119515625,0.114703125,0.23421875,1422.408158,1482.086909
"Paraventricular hypothalamic nucleus, descending division",85,95,180,0.079,0.07475,0.15375,1075.949367,1270.90301
Paraventricular nucleus of the thalamus,657,1676,2333,0.269984375,0.318640625,0.588625,2433.474159,5259.844064
Parvicellular motor 5 nucleus,23,122,145,0.02590625,0.023265625,0.049171875,887.8166466,5243.787777
Parvicellular reticular nucleus,1373,3746,5119,0.784359375,0.776953125,1.5613125,1750.473117,4821.397687
Pedunculopontine nucleus,2982,4658,7640,0.429734375,0.39721875,0.826953125,6939.170272,11726.53607
Periaqueductal gray,4118,11022,15140,2.399171875,2.37640625,4.775578125,1716.42559,4638.095864
Perifornical nucleus,454,462,916,0.12865625,0.113328125,0.241984375,3528.783094,4076.657935
Peripeduncular nucleus,85,78,163,0.035265625,0.028890625,0.06415625,2410.279132,2699.83775
Perireunensis nucleus,411,237,648,0.09634375,0.091046875,0.187390625,4265.9747,2603.054745
"Perirhinal area, layer 1",461,295,756,0.1231875,0.190125,0.3133125,3742.262811,1551.610782
"Perirhinal area, layer 2/3",697,672,1369,0.182578125,0.261703125,0.44428125,3817.54386,2567.795092
"Perirhinal area, layer 5",830,532,1362,0.093625,0.11740625,0.21103125,8865.153538,4531.274953
"Perirhinal area, layer 6a",296,291,587,0.029078125,0.035734375,0.0648125,10179.4734,8143.419327
"Perirhinal area, layer 6b",51,85,136,0.007,0.0095,0.0165,7285.714286,8947.368421
Peritrigeminal zone,1020,1221,2241,0.12621875,0.119484375,0.245703125,8081.20822,10218.90938
"Periventricular hypothalamic nucleus, anterior part",59,61,120,0.028640625,0.02940625,0.058046875,2060.010911,2074.388948
"Periventricular hypothalamic nucleus, intermediate part",76,99,175,0.106359375,0.101265625,0.207625,714.5585427,977.6269094
"Periventricular hypothalamic nucleus, posterior part",54,172,226,0.053265625,0.0556875,0.108953125,1013.787034,3088.664422
"Periventricular hypothalamic nucleus, preoptic part",162,173,335,0.0725,0.091328125,0.163828125,2234.482759,1894.268606
Piriform area,36468,26828,63296,5.874953125,6.682328125,12.55728125,6207.368676,4014.768431
Piriform-amygdalar area,2435,1488,3923,0.692703125,0.737875,1.430578125,3515.2144,2016.601728
Pons,4137,7986,12123,1.385109375,1.381265625,2.766375,2986.767742,5781.654054
Pontine central gray,478,2256,2734,0.227625,0.2319375,0.4595625,2099.945085,9726.758286
Pontine gray,797,1774,2571,0.38721875,0.359921875,0.747140625,2058.268098,4928.847406
Pontine reticular nucleus,4236,5453,9689,0.998265625,0.928546875,1.9268125,4243.359577,5872.616824
"Pontine reticular nucleus, caudal part",2680,6296,8976,0.89665625,0.86265625,1.7593125,2988.882306,7298.387973
Posterior amygdalar nucleus,2936,3571,6507,0.498671875,0.4381875,0.936859375,5887.639041,8149.47939
"Posterior auditory area, layer 1",209,156,365,0.05003125,0.06671875,0.11675,4177.389132,2338.173302
"Posterior auditory area, layer 2/3",784,791,1575,0.06665625,0.084671875,0.151328125,11761.83779,9341.945008
"Posterior auditory area, layer 4",288,225,513,0.0340625,0.042203125,0.076265625,8455.045872,5331.358756
"Posterior auditory area, layer 5",689,560,1249,0.08390625,0.101984375,0.185890625,8211.545624,5491.03723
"Posterior auditory area, layer 6a",341,225,566,0.038296875,0.04403125,0.082328125,8904.120767,5110.007097
"Posterior auditory area, layer 6b",119,46,165,0.008828125,0.0100625,0.018890625,13479.64602,4571.428571
posterior commissure,44,179,223,0.0289375,0.032359375,0.061296875,1520.518359,5531.627233
Posterior complex of the thalamus,1020,541,1561,0.7866875,0.713765625,1.500453125,1296.575832,757.9518837
Posterior hypothalamic nucleus,424,687,1111,0.36,0.35496875,0.71496875,1177.777778,1935.381636
Posterior intralaminar thalamic nucleus,317,226,543,0.099265625,0.085234375,0.1845,3193.451912,2651.512374
Posterior limiting nucleus of the thalamus,1612,1008,2620,0.121234375,0.109390625,0.230625,13296.55883,9214.683617
Posterior pretectal nucleus,1012,947,1959,0.089765625,0.085640625,0.17540625,11273.80331,11057.83616
Posterior triangular thalamic nucleus,3602,2770,6372,0.16203125,0.142890625,0.304921875,22230.27965,19385.45653
Posterodorsal preoptic nucleus,6,22,28,0.007546875,0.007484375,0.01503125,795.0310559,2939.457203
Posterodorsal tegmental nucleus,11,186,197,0.019828125,0.0200625,0.039890625,554.7675335,9271.028037
"Posterolateral visual area, layer 1",639,380,1019,0.115125,0.14625,0.261375,5550.488599,2598.290598
"Posterolateral visual area, layer 2/3",742,568,1310,0.123140625,0.155203125,0.27834375,6025.631265,3659.720125
"Posterolateral visual area, layer 4",109,81,190,0.01965625,0.026421875,0.046078125,5545.310016,3065.641632
"Posterolateral visual area, layer 5",509,471,980,0.138734375,0.170890625,0.309625,3668.881631,2756.148853
"Posterolateral visual area, layer 6a",172,64,236,0.06009375,0.072140625,0.132234375,2862.194488,887.156162
"Posterolateral visual area, layer 6b",12,1,13,0.004609375,0.00571875,0.010328125,2603.389831,174.863388
"posteromedial visual area, layer 1",1814,684,2498,0.11153125,0.1156875,0.22721875,16264.49986,5912.479741
"posteromedial visual area, layer 2/3",4815,1626,6441,0.169640625,0.18675,0.356390625,28383.53136,8706.827309
"posteromedial visual area, layer 4",1424,336,1760,0.057453125,0.061578125,0.11903125,24785.4229,5456.483126
"posteromedial visual area, layer 5",2218,957,3175,0.1678125,0.177890625,0.345703125,13217.13222,5379.710145
"posteromedial visual area, layer 6a",1479,1009,2488,0.088875,0.092984375,0.181859375,16641.35021,10851.2855
"posteromedial visual area, layer 6b",262,178,440,0.016484375,0.017328125,0.0338125,15893.83886,10272.3174
Postpiriform transition area,3715,2144,5859,0.703484375,0.789875,1.493359375,5280.856451,2714.353537
"Postrhinal area, layer 1",681,336,1017,0.1305625,0.1995,0.3300625,5215.892772,1684.210526
"Postrhinal area, layer 2/3",1188,1162,2350,0.192796875,0.2786875,0.471484375,6161.925602,4169.544741
"Postrhinal area, layer 4",237,165,402,0.03053125,0.040265625,0.070796875,7762.538383,4097.788126
"Postrhinal area, layer 5",1552,1831,3383,0.198375,0.26065625,0.45903125,7823.566478,7024.577389
"Postrhinal area, layer 6a",718,669,1387,0.09325,0.115296875,0.208546875,7699.731903,5802.412251
"Postrhinal area, layer 6b",131,183,314,0.017203125,0.02140625,0.038609375,7614.89555,8548.905109
Postsubiculum,2462,1032,3494,0.69859375,0.70221875,1.4008125,3524.222769,1469.62752
Precommissural nucleus,238,408,646,0.104234375,0.102578125,0.2068125,2283.315845,3977.456207
"Prelimbic area, layer 1",2329,514,2843,0.17240625,0.222515625,0.394921875,13508.79101,2309.950144
"Prelimbic area, layer 2/3",2083,1494,3577,0.16128125,0.1696875,0.33096875,12915.32649,8804.41989
"Prelimbic area, layer 5",2341,3982,6323,0.408640625,0.478078125,0.88671875,5728.750048,8329.1826
"Prelimbic area, layer 6a",538,917,1455,0.224609375,0.269921875,0.49453125,2395.269565,3397.279305
"Prelimbic area, layer 6b",16,22,38,0.01184375,0.0131875,0.02503125,1350.923483,1668.246445
Preparasubthalamic nucleus,7,7,14,0.00709375,0.006421875,0.013515625,986.784141,1090.024331
Presubiculum,1796,417,2213,0.53415625,0.4921875,1.02634375,3362.312058,847.2380952
"Primary auditory area, layer 1",856,269,1125,0.1859375,0.253296875,0.439234375,4603.697479,1061.994942
"Primary auditory area, layer 2/3",2653,1135,3788,0.227421875,0.303609375,0.53103125,11665.54449,3738.356235
"Primary auditory area, layer 4",1073,219,1292,0.115546875,0.14525,0.260796875,9286.27451,1507.745267
"Primary auditory area, layer 5",2625,1699,4324,0.353796875,0.4244375,0.778234375,7419.511549,4002.945074
"Primary auditory area, layer 6a",1487,1559,3046,0.152046875,0.170796875,0.32284375,9779.878738,9127.801665
"Primary auditory area, layer 6b",805,181,986,0.02825,0.030765625,0.059015625,28495.57522,5883.189436
"Primary motor area, Layer 1",1359,878,2237,0.407875,0.486515625,0.894390625,3331.903157,1804.669686
"Primary motor area, Layer 2/3",8524,7639,16163,1.17028125,1.368171875,2.538453125,7283.719191,5583.362836
"Primary motor area, Layer 5",3466,4133,7599,1.158109375,1.303484375,2.46159375,2992.808861,3170.732292
"Primary motor area, Layer 6a",2139,3955,6094,1.160171875,1.24053125,2.400703125,1843.692341,3188.150238
"Primary motor area, Layer 6b",114,229,343,0.081125,0.08503125,0.16615625,1405.238829,2693.127527
"Primary somatosensory area, barrel field, layer 1",1784,489,2273,0.330734375,0.406296875,0.73703125,5394.056787,1203.553436
"Primary somatosensory area, barrel field, layer 2/3",7766,2326,10092,0.612734375,0.715484375,1.32821875,12674.3338,3250.944509
"Primary somatosensory area, barrel field, layer 4",6864,1039,7903,0.53375,0.592015625,1.125765625,12859.95316,1755.021246
"Primary somatosensory area, barrel field, layer 5",1889,724,2613,0.517984375,0.552078125,1.0700625,3646.82815,1311.408598
"Primary somatosensory area, barrel field, layer 6a",2952,1853,4805,0.580234375,0.5910625,1.171296875,5087.5993,3135.032251
"Primary somatosensory area, barrel field, layer 6b",332,175,507,0.068390625,0.0695,0.137890625,4854.46653,2517.985612
"Primary somatosensory area, lower limb, layer 1",297,133,430,0.12465625,0.133671875,0.258328125,2382.552018,994.9736996
"Primary somatosensory area, lower limb, layer 2/3",2530,1787,4317,0.27396875,0.2898125,0.56378125,9234.629862,6166.055639
"Primary somatosensory area, lower limb, layer 4",1048,576,1624,0.11765625,0.123859375,0.241515625,8907.304117,4650.435221
"Primary somatosensory area, lower limb, layer 5",1026,920,1946,0.249125,0.2594375,0.5085625,4118.414451,3546.133462
"Primary somatosensory area, lower limb, layer 6a",1064,977,2041,0.248140625,0.2541875,0.502328125,4287.891191,3843.619375
"Primary somatosensory area, lower limb, layer 6b",67,56,123,0.024765625,0.024453125,0.04921875,2705.362776,2290.095847
"Primary somatosensory area, mouth, layer 1",264,133,397,0.23528125,0.317453125,0.552734375,1122.061363,418.9594921
"Primary somatosensory area, mouth, layer 2/3",1799,1539,3338,0.462828125,0.608671875,1.0715,3886.972081,2528.455911
"Primary somatosensory area, mouth, layer 4",740,834,1574,0.304515625,0.3806875,0.685203125,2430.088768,2190.773272
"Primary somatosensory area, mouth, layer 5",231,433,664,0.414640625,0.496734375,0.911375,557.1089422,871.6932465
"Primary somatosensory area, mouth, layer 6a",706,1509,2215,0.61671875,0.68821875,1.3049375,1144.768178,2192.61681
"Primary somatosensory area, mouth, layer 6b",84,118,202,0.047421875,0.050796875,0.09821875,1771.334432,2322.977545
"Primary somatosensory area, nose, layer 1",838,306,1144,0.134171875,0.18121875,0.315390625,6245.720275,1688.566994
"Primary somatosensory area, nose, layer 2/3",2868,1314,4182,0.217296875,0.278671875,0.49596875,13198.53311,4715.222876
"Primary somatosensory area, nose, layer 4",2392,638,3030,0.19221875,0.23046875,0.4226875,12444.15542,2768.271186
"Primary somatosensory area, nose, layer 5",542,274,816,0.211765625,0.237953125,0.44971875,2559.433336,1151.487294
"Primary somatosensory area, nose, layer 6a",1136,934,2070,0.323921875,0.338796875,0.66271875,3507.018475,2756.814094
"Primary somatosensory area, nose, layer 6b",120,97,217,0.024140625,0.023265625,0.04740625,4970.873786,4169.241101
"Primary somatosensory area, trunk, layer 1",268,83,351,0.10025,0.106734375,0.206984375,2673.316708,777.6313863
"Primary somatosensory area, trunk, layer 2/3",1617,769,2386,0.21046875,0.221171875,0.431640625,7682.85078,3476.933946
"Primary somatosensory area, trunk, layer 4",773,264,1037,0.077234375,0.077,0.154234375,10008.49686,3428.571429
"Primary somatosensory area, trunk, layer 5",801,558,1359,0.182234375,0.18346875,0.365703125,4395.438566,3041.389882
"Primary somatosensory area, trunk, layer 6a",491,363,854,0.122546875,0.118546875,0.24109375,4006.630116,3062.079873
"Primary somatosensory area, trunk, layer 6b",61,32,93,0.01790625,0.0181875,0.03609375,3406.631763,1759.450172
"Primary somatosensory area, unassigned, layer 1",484,82,566,0.055234375,0.065046875,0.12028125,8762.659123,1260.629354
"Primary somatosensory area, unassigned, layer 2/3",2065,734,2799,0.115984375,0.127703125,0.2436875,17804.12232,5747.705861
"Primary somatosensory area, unassigned, layer 4",870,193,1063,0.067546875,0.073390625,0.1409375,12879.94448,2629.763679
"Primary somatosensory area, unassigned, layer 5",317,150,467,0.099875,0.10215625,0.20203125,3173.967459,1468.338942
"Primary somatosensory area, unassigned, layer 6a",519,413,932,0.121890625,0.119671875,0.2415625,4257.915652,3451.103277
"Primary somatosensory area, unassigned, layer 6b",33,29,62,0.0109375,0.010671875,0.021609375,3017.142857,2717.423133
"Primary somatosensory area, upper limb, layer 1",781,112,893,0.1474375,0.16678125,0.31421875,5297.159813,671.5383174
"Primary somatosensory area, upper limb, layer 2/3",3662,1516,5178,0.326046875,0.358546875,0.68459375,11231.51387,4228.177975
"Primary somatosensory area, upper limb, layer 4",1682,724,2406,0.181734375,0.19378125,0.375515625,9255.266099,3736.171585
"Primary somatosensory area, upper limb, layer 5",710,400,1110,0.29371875,0.3028125,0.59653125,2417.278434,1320.949432
"Primary somatosensory area, upper limb, layer 6a",1165,1053,2218,0.3791875,0.377234375,0.756421875,3072.358662,2791.368098
"Primary somatosensory area, upper limb, layer 6b",126,66,192,0.031921875,0.031671875,0.06359375,3947.136564,2083.867785
"Primary visual area, layer 1",6518,3218,9736,0.677265625,0.821984375,1.49925,9623.99354,3914.916266
"Primary visual area, layer 2/3",19389,9551,28940,1.068078125,1.267515625,2.33559375,18153.16646,7535.21283
"Primary visual area, layer 4",8717,2003,10720,0.540921875,0.638359375,1.17928125,16115.08131,3137.731
"Primary visual area, layer 5",8890,4616,13506,0.839765625,0.968328125,1.80809375,10586.2871,4766.979168
"Primary visual area, layer 6a",7417,4290,11707,0.588484375,0.65909375,1.247578125,12603.56318,6508.937461
"Primary visual area, layer 6b",1106,509,1615,0.0895,0.1025625,0.1920625,12357.5419,4962.827544
principal mammillary tract,140,29,169,0.016140625,0.015734375,0.031875,8673.765731,1843.098312
Principal sensory nucleus of the trigeminal,1257,1100,2357,0.3965625,0.369625,0.7661875,3169.739953,2975.989178
Prosubiculum,2652,1314,3966,0.7025,0.710703125,1.413203125,3775.088968,1848.873255
pyramid,62,164,226,0.200015625,0.19834375,0.398359375,309.9757831,826.8473294
pyramidal decussation,4,6,10,0.022859375,0.02859375,0.051453125,174.9829118,209.8360656
Pyramus (VIII),11397,12020,23417,0.603953125,0.60928125,1.213234375,18870.66981,19728.16331
Red nucleus,6300,5675,11975,0.394265625,0.361578125,0.75584375,15979.07502,15695.08664
Reticular nucleus of the thalamus,5692,3667,9359,0.92071875,0.814828125,1.735546875,6182.126735,4500.335577
Retrochiasmatic area,97,275,372,0.07734375,0.074203125,0.151546875,1254.141414,3706.043378
Retroparafascicular nucleus,348,460,808,0.0351875,0.03384375,0.06903125,9889.875666,13591.87442
"Retrosplenial area, dorsal part, layer 1",5892,3265,9157,0.59159375,0.5723125,1.16390625,9959.537267,5704.925194
"Retrosplenial area, dorsal part, layer 2/3",10637,9991,20628,0.682359375,0.654921875,1.33728125,15588.55991,15255.25468
"Retrosplenial area, dorsal part, layer 5",8858,6184,15042,0.8258125,0.808484375,1.634296875,10726.40581,7648.880042
"Retrosplenial area, dorsal part, layer 6a",6043,4172,10215,0.492296875,0.489125,0.981421875,12275.11347,8529.516995
"Retrosplenial area, dorsal part, layer 6b",208,209,417,0.01996875,0.01925,0.03921875,10416.27543,10857.14286
"Retrosplenial area, lateral agranular part, layer 1",3676,1414,5090,0.343984375,0.3603125,0.704296875,10686.53191,3924.371206
"Retrosplenial area, lateral agranular part, layer 2/3",8644,6663,15307,0.4381875,0.45265625,0.89084375,19726.71516,14719.77908
"Retrosplenial area, lateral agranular part, layer 5",6315,4628,10943,0.458125,0.474703125,0.932828125,13784.44748,9749.251177
"Retrosplenial area, lateral agranular part, layer 6a",2943,2561,5504,0.249234375,0.252828125,0.5020625,11808.1625,10129.41104
"Retrosplenial area, lateral agranular part, layer 6b",176,208,384,0.021484375,0.021296875,0.04278125,8192,9766.691123
"Retrosplenial area, ventral part, layer 1",3051,2535,5586,0.62171875,0.721625,1.34334375,4907.363659,3512.904902
"Retrosplenial area, ventral part, layer 2/3",6231,7495,13726,0.728328125,0.71296875,1.441296875,8555.20992,10512.3822
"Retrosplenial area, ventral part, layer 5",9113,10139,19252,1.1776875,1.152015625,2.329703125,7738.045959,8801.095905
"Retrosplenial area, ventral part, layer 6a",2174,2143,4317,0.442328125,0.432203125,0.87453125,4914.903388,4958.316764
"Retrosplenial area, ventral part, layer 6b",114,208,322,0.030640625,0.030875,0.061515625,3720.550739,6736.842105
Rhomboid nucleus,29,140,169,0.054515625,0.0655,0.120015625,531.957581,2137.40458
root,5743,6788,12531,1.860046875,1.818953125,3.679,3087.556597,3731.816893
Rostral linear nucleus raphe,48,158,206,0.0194375,0.03190625,0.05134375,2469.453376,4952.007835
"Rostrolateral area, layer 1",634,208,842,0.078296875,0.09278125,0.171078125,8097.385751,2241.832267
"Rostrolateral area, layer 2/3",2892,1482,4374,0.128390625,0.148921875,0.2773125,22525.00913,9951.526597
"Rostrolateral area, layer 4",1641,682,2323,0.06596875,0.077390625,0.143359375,24875.4145,8812.436907
"Rostrolateral area, layer 5",1271,368,1639,0.11746875,0.12721875,0.2446875,10819.89891,2892.655367
"Rostrolateral area, layer 6a",764,464,1228,0.07378125,0.07896875,0.15275,10354.93435,5875.741987
"Rostrolateral area, layer 6b",141,112,253,0.013640625,0.01584375,0.029484375,10336.76976,7069.033531
rubrospinal tract,660,1101,1761,0.221953125,0.210703125,0.43265625,2973.600845,5225.361513
"Secondary motor area, layer 1",2907,2100,5007,0.74959375,0.847625,1.59721875,3878.100638,2477.510692
"Secondary motor area, layer 2/3",10032,11991,22023,1.27209375,1.43175,2.70384375,7886.211217,8375.065479
"Secondary motor area, layer 5",9204,12256,21460,1.662203125,1.860140625,3.52234375,5537.229392,6588.749171
"Secondary motor area, layer 6a",2258,4004,6262,1.025921875,1.1130625,2.138984375,2200.947319,3597.282273
"Secondary motor area, layer 6b",42,103,145,0.03490625,0.037890625,0.072796875,1203.222919,2718.350515
sensory root of the trigeminal nerve,145,235,380,0.27309375,0.250140625,0.523234375,530.9531983,939.4715473
Septofimbrial nucleus,1255,1412,2667,0.298828125,0.321609375,0.6204375,4199.738562,4390.419278
Septohippocampal nucleus,13,13,26,0.029265625,0.030984375,0.06025,444.2071543,419.5663137
Simple lobule,44433,29475,73908,3.47515625,3.515328125,6.990484375,12785.89991,8384.708042
solitary tract,0,9,9,0.003953125,0.003640625,0.00759375,0,2472.103004
"Spinal nucleus of the trigeminal, caudal part",8581,11699,20280,0.6995625,0.722578125,1.422140625,12266.23783,16190.63683
"Spinal nucleus of the trigeminal, interpolar part",10157,11089,21246,0.716828125,0.71140625,1.428234375,14169.36591,15587.43685
"Spinal nucleus of the trigeminal, oral part",1563,5963,7526,0.349625,0.335515625,0.685140625,4470.504112,17772.64472
spinal tract of the trigeminal nerve,3066,4291,7357,0.615953125,0.600328125,1.21628125,4977.651506,7147.757737
Spinal vestibular nucleus,5739,8153,13892,0.292015625,0.289109375,0.581125,19653.05795,28200.39994
stria medullaris,2185,1715,3900,0.18425,0.17309375,0.35734375,11858.88738,9907.925618
stria terminalis,497,237,734,0.1865,0.163859375,0.350359375,2664.879357,1446.362163
Striatum,6335,6298,12633,1.843328125,1.875234375,3.7185625,3436.718571,3358.513519
Subceruleus nucleus,6,13,19,0.01096875,0.01015625,0.021125,547.008547,1280
Subcommissural organ,4,10,14,0.005859375,0.010125,0.015984375,682.6666667,987.654321
subependymal zone,552,473,1025,0.0821875,0.085375,0.1675625,6716.34981,5540.263543
Subfornical organ,27,137,164,0.012703125,0.0156875,0.028390625,2125.461255,8733.067729
Subgeniculate nucleus,372,285,657,0.015875,0.013,0.028875,23433.07087,21923.07692
Subiculum,6741,3047,9788,1.186046875,1.1930625,2.379109375,5683.586494,2553.931584
Sublaterodorsal nucleus,25,101,126,0.01934375,0.018734375,0.038078125,1292.407108,5391.159299
Submedial nucleus of the thalamus,325,624,949,0.201296875,0.1873125,0.388609375,1614.530777,3331.331331
Subparafascicular area,22,70,92,0.068234375,0.080515625,0.14875,322.418136,869.3964681
"Subparafascicular nucleus, magnocellular part",11,22,33,0.03884375,0.036515625,0.075359375,283.1858407,602.4818143
"Subparafascicular nucleus, parvicellular part",1628,1498,3126,0.074390625,0.065828125,0.14021875,21884.47805,22756.23071
Subparaventricular zone,9,95,104,0.06109375,0.06009375,0.1211875,147.314578,1580.863235
Substantia innominata,4821,6130,10951,1.73021875,1.63284375,3.3630625,2786.352882,3754.186523
"Substantia nigra, compact part",1467,600,2067,0.0985,0.084484375,0.182984375,14893.40102,7101.904938
"Substantia nigra, reticular part",3793,1661,5454,0.769390625,0.656609375,1.426,4929.87551,2529.662328
Subthalamic nucleus,62,115,177,0.105515625,0.09278125,0.198296875,587.5907004,1239.474571
Superior central nucleus raphe,287,1751,2038,0.244078125,0.256015625,0.50009375,1175.853018,6839.426305
superior cerebelar peduncles,2284,2202,4486,0.20059375,0.19028125,0.390875,11386.19723,11572.34357
superior cerebellar peduncle decussation,13,66,79,0.017046875,0.0241875,0.041234375,762.6031164,2728.682171
superior colliculus commissure,24,24,48,0.015828125,0.017125,0.032953125,1516.288253,1401.459854
"Superior colliculus, motor related, deep gray layer",3670,2893,6563,0.774578125,0.732703125,1.50728125,4738.063059,3948.39315
"Superior colliculus, motor related, deep white layer",800,894,1694,0.209234375,0.202796875,0.41203125,3823.46352,4408.351953
"Superior colliculus, motor related, intermediate gray layer",7760,5619,13379,1.380234375,1.346140625,2.726375,5622.233543,4174.155282
"Superior colliculus, motor related, intermediate white layer",12038,7640,19678,1.3830625,1.31246875,2.69553125,8703.872746,5821.090978
"Superior colliculus, optic layer",2139,1765,3904,0.4751875,0.4701875,0.945375,4501.381034,3753.821614
"Superior colliculus, superficial gray layer",1832,1635,3467,0.9128125,0.894734375,1.807546875,2006.98391,1827.35798
"Superior colliculus, zonal layer",515,483,998,0.2800625,0.29959375,0.57965625,1838.875251,1612.183165
"Superior olivary complex, lateral part",40,255,295,0.12021875,0.113734375,0.233953125,332.7268001,2242.066218
"Superior olivary complex, medial part",5,92,97,0.071890625,0.06521875,0.137109375,69.5500978,1410.637278
"Superior olivary complex, periolivary region",32,252,284,0.13575,0.125234375,0.260984375,235.7274401,2012.227074
Superior vestibular nucleus,5029,1212,6241,0.1474375,0.140734375,0.288171875,34109.36838,8611.968469
"Supplemental somatosensory area, layer 1",1941,1378,3319,0.53771875,0.7840625,1.32178125,3609.693729,1757.512953
"Supplemental somatosensory area, layer 2/3",5722,5511,11233,0.937703125,1.28134375,2.219046875,6102.144535,4300.953589
"Supplemental somatosensory area, layer 4",2160,1024,3184,0.510578125,0.66484375,1.175421875,4230.498516,1540.211516
"Supplemental somatosensory area, layer 5",3625,3001,6626,0.9815625,1.20440625,2.18596875,3693.091372,2491.68418
"Supplemental somatosensory area, layer 6a",4510,4598,9108,0.9675625,1.08590625,2.05346875,4661.197597,4234.251345
"Supplemental somatosensory area, layer 6b",749,824,1573,0.1000625,0.105390625,0.205453125,7485.321674,7818.532246
supra-callosal cerebral white matter,1912,1695,3607,0.507953125,0.506078125,1.01403125,3764.126857,3349.285251
Suprachiasmatic nucleus,11,54,65,0.035046875,0.033734375,0.06878125,313.8653589,1600.741084
Suprageniculate nucleus,878,584,1462,0.111515625,0.098796875,0.2103125,7873.336136,5911.11814
Supragenual nucleus,3,28,31,0.0069375,0.006953125,0.013890625,432.4324324,4026.966292
Supramammillary nucleus,625,683,1308,0.11346875,0.116234375,0.229703125,5508.124484,5876.05861
Supraoculomotor periaqueductal gray,32,60,92,0.02190625,0.020953125,0.042859375,1460.770328,2863.534676
supraoptic commissures,14,38,52,0.013859375,0.012859375,0.02671875,1010.146561,2955.042527
Supraoptic nucleus,36,72,108,0.0270625,0.02584375,0.05290625,1330.254042,2785.973398
Supratrigeminal nucleus,633,741,1374,0.10628125,0.100375,0.20665625,5955.895325,7382.316314
"Taenia tecta, dorsal part",3365,3114,6479,0.7628125,0.851578125,1.614390625,4411.306841,3656.740243
"Taenia tecta, ventral part",2658,3224,5882,0.41671875,0.443515625,0.860234375,6378.4027,7269.191474
Tegmental reticular nucleus,406,999,1405,0.274421875,0.262984375,0.53740625,1479.473894,3798.704771
"Temporal association areas, layer 1",463,104,567,0.275484375,0.40559375,0.681078125,1680.676082,256.4142076
"Temporal association areas, layer 2/3",1798,1484,3282,0.359703125,0.516375,0.876078125,4998.566526,2873.880416
"Temporal association areas, layer 4",946,742,1688,0.160328125,0.215390625,0.37571875,5900.399571,3444.903881
"Temporal association areas, layer 5",4155,3120,7275,0.500359375,0.63740625,1.137765625,8304.031477,4894.837476
"Temporal association areas, layer 6a",3268,1614,4882,0.285,0.332546875,0.617546875,11466.66667,4853.451111
"Temporal association areas, layer 6b",722,217,939,0.046984375,0.052625,0.099609375,15366.81077,4123.515439
Thalamus,5063,4218,9281,0.553453125,0.518953125,1.07240625,9148.019536,8127.901725
third ventricle,1507,2182,3689,0.432609375,0.693953125,1.1265625,3483.512118,3144.304596
trapezoid body,39,217,256,0.104578125,0.114765625,0.21934375,372.9269386,1890.810075
Triangular nucleus of septum,721,842,1563,0.217515625,0.237109375,0.454625,3314.704403,3551.103789
trochlear nerve,8,46,54,0.003921875,0.00334375,0.007265625,2039.840637,13757.00935
Trochlear nucleus,5,58,63,0.0038125,0.003015625,0.006828125,1311.47541,19233.16062
Tuberal nucleus,631,1003,1634,0.270140625,0.2446875,0.514828125,2335.820464,4099.106003
"Tuberomammillary nucleus, dorsal part",12,35,47,0.017,0.01496875,0.03196875,705.8823529,2338.204593
"Tuberomammillary nucleus, ventral part",79,286,365,0.052,0.045484375,0.097484375,1519.230769,6287.873583
uncinate fascicle,98,303,401,0.03715625,0.035625,0.07278125,2637.510513,8505.263158
Uvula (IX),12441,20027,32468,0.960203125,0.987140625,1.94734375,12956.63352,20287.88958
Vascular organ of the lamina terminalis,3,4,7,0.00346875,0.006625,0.01009375,864.8648649,603.7735849
Ventral anterior-lateral complex of the thalamus,2691,2489,5180,0.542203125,0.495078125,1.03728125,4963.084637,5027.489348
"Ventral auditory area, layer 1",503,33,536,0.14790625,0.216375,0.36428125,3400.802873,152.5129983
"Ventral auditory area, layer 2/3",1692,635,2327,0.20075,0.28284375,0.48359375,8428.393524,2245.055795
"Ventral auditory area, layer 4",804,237,1041,0.11034375,0.14684375,0.2571875,7286.321155,1613.960417
"Ventral auditory area, layer 5",2313,1434,3747,0.316203125,0.395453125,0.71165625,7314.918219,3626.219922
"Ventral auditory area, layer 6a",1600,926,2526,0.150484375,0.17240625,0.322890625,10632.33309,5371.034983
"Ventral auditory area, layer 6b",674,75,749,0.025453125,0.026328125,0.05178125,26480.04911,2848.664688
Ventral cochlear nucleus,1026,676,1702,0.350203125,0.3449375,0.695140625,2929.728283,1959.775322
ventral hippocampal commissure,55,52,107,0.037671875,0.037140625,0.0748125,1459.975114,1400.08414
Ventral medial nucleus of the thalamus,1085,1262,2347,0.58478125,0.523703125,1.108484375,1855.394645,2409.76221
Ventral part of the lateral geniculate complex,4015,3706,7721,0.243671875,0.20590625,0.449578125,16477.07599,17998.48232
Ventral posterolateral nucleus of the thalamus,1794,1101,2895,0.540578125,0.474140625,1.01471875,3318.669249,2322.095897
"Ventral posterolateral nucleus of the thalamus, parvicellular part",107,36,143,0.05765625,0.050375,0.10803125,1855.826558,714.6401985
Ventral posteromedial nucleus of the thalamus,2175,2021,4196,1.02246875,0.904203125,1.926671875,2127.204377,2235.117248
"Ventral posteromedial nucleus of the thalamus, parvicellular part",68,114,182,0.125578125,0.115046875,0.240625,541.4955829,990.9004482
Ventral premammillary nucleus,288,614,902,0.09196875,0.086328125,0.178296875,3131.498471,7112.39819
ventral spinocerebellar tract,189,356,545,0.108265625,0.10415625,0.212421875,1745.706451,3417.941794
Ventral tegmental area,1959,2286,4245,0.202578125,0.185921875,0.3885,9670.343232,12295.48702
ventral tegmental decussation,19,116,135,0.01378125,0.018484375,0.032265625,1378.684807,6275.570583
Ventral tegmental nucleus,141,256,397,0.017328125,0.016328125,0.03365625,8137.060415,15678.4689
Ventrolateral preoptic nucleus,53,49,102,0.03753125,0.034625,0.07215625,1412.156536,1415.162455
Ventromedial hypothalamic nucleus,32,45,77,0.035015625,0.032015625,0.06703125,913.8777332,1405.56369
"Ventromedial hypothalamic nucleus, central part",31,126,157,0.09115625,0.08803125,0.1791875,340.07542,1431.309904
"Ventromedial hypothalamic nucleus, dorsomedial part",42,89,131,0.078390625,0.080203125,0.15859375,535.7783536,1109.682447
"Ventromedial hypothalamic nucleus, ventrolateral part",45,183,228,0.08140625,0.065453125,0.146859375,552.7831094,2795.894008
Ventromedial preoptic nucleus,15,28,43,0.027015625,0.026703125,0.05371875,555.2342394,1048.566413
vestibular nerve,333,458,791,0.08753125,0.08325,0.17078125,3804.355587,5501.501502
Vestibulocerebellar nucleus,415,174,589,0.03634375,0.035375,0.07171875,11418.74463,4918.727915
"Visceral area, layer 1",193,53,246,0.168671875,0.259921875,0.42859375,1144.233441,203.9074241
"Visceral area, layer 2/3",573,951,1524,0.275734375,0.39409375,0.669828125,2078.086927,2413.131393
"Visceral area, layer 4",155,146,301,0.091015625,0.126125,0.217140625,1703.004292,1157.581764
"Visceral area, layer 5",1680,1423,3103,0.35665625,0.4691875,0.82584375,4710.417944,3032.902624
"Visceral area, layer 6a",2248,961,3209,0.285515625,0.328203125,0.61371875,7873.474525,2928.064746
"Visceral area, layer 6b",516,38,554,0.027953125,0.02875,0.056703125,18459.47457,1321.73913
vomeronasal nerve,143,87,230,0.010640625,0.01196875,0.022609375,13439.06021,7268.929504
Xiphoid thalamic nucleus,22,31,53,0.04121875,0.068140625,0.109359375,533.7376801,454.9415272
Zona incerta,6914,5650,12564,0.898625,0.78865625,1.68728125,7693.976909,7164.084479
